model,category,runs,mean_accuracy_pct,median_accuracy_pct,stddev_pct,mad_pct,min_accuracy_pct,max_accuracy_pct,mean_delta_pct,median_delta_pct,delta_stddev_pct,delta_mad_pct,min_delta_pct,max_delta_pct,negative_runs,positive_runs
BitAgent_BitAgent-Bounty-8B,assert_f-sa-baseline,3,60.575,60.406,0.293,0.0,60.406,60.914,-17.09,-17.259,0.293,0.0,-17.259,-16.751,3,0
Qwen_Qwen3-14B-FC,assert_f-sa-baseline,3,26.904,26.904,0.508,0.508,26.396,27.411,-23.689,-23.35,2.051,1.523,-25.888,-21.827,3,0
Qwen_Qwen3-32B-FC,assert_f-sa-baseline,3,34.349,35.025,2.605,1.523,31.472,36.548,-20.135,-19.289,5.883,4.569,-26.396,-14.721,3,0
Qwen_Qwen3-8B-FC,assert_f-sa-baseline,3,28.596,28.426,2.289,2.03,26.396,30.964,-14.044,-14.721,1.172,0.0,-14.721,-12.69,3,0
Salesforce_Llama-xLAM-2-70b-fc-r,assert_f-sa-baseline,3,72.081,72.081,0.508,0.508,71.574,72.589,-7.107,-7.107,0.508,0.508,-7.614,-6.599,3,0
Salesforce_Llama-xLAM-2-8b-fc-r,assert_f-sa-baseline,3,67.005,67.005,0.0,0.0,67.005,67.005,-10.321,-10.152,0.293,0.0,-10.66,-10.152,3,0
Salesforce_xLAM-2-32b-fc-r,assert_f-sa-baseline,3,60.575,60.406,0.293,0.0,60.406,60.914,-19.797,-19.797,0.508,0.508,-20.305,-19.289,3,0
Salesforce_xLAM-2-3b-fc-r,assert_f-sa-baseline,3,57.53,57.36,1.277,1.015,56.345,58.883,-12.86,-12.69,1.277,1.015,-14.213,-11.675,3,0
Team-ACE_ToolACE-2-8B,assert_f-sa-baseline,3,29.949,29.949,0.508,0.508,29.442,30.457,-16.92,-16.751,0.775,0.508,-17.766,-16.244,3,0
watt-ai_watt-tool-70B,assert_f-sa-baseline,3,56.176,55.838,0.586,0.0,55.838,56.853,-14.552,-14.213,1.551,1.015,-16.244,-13.198,3,0
watt-ai_watt-tool-8B,assert_f-sa-baseline,3,39.594,39.594,0.0,0.0,39.594,39.594,-5.753,-5.584,0.293,0.0,-6.091,-5.584,3,0
BitAgent_BitAgent-Bounty-8B,assert_f-sa-interaction-confident,3,44.501,44.67,0.293,0.0,44.162,44.67,-33.164,-33.503,0.586,0.0,-33.503,-32.487,3,0
Qwen_Qwen3-14B-FC,assert_f-sa-interaction-confident,3,24.027,24.365,1.551,1.015,22.335,25.381,-26.565,-27.919,2.345,0.0,-27.919,-23.858,3,0
Qwen_Qwen3-32B-FC,assert_f-sa-interaction-confident,3,31.98,31.98,1.015,1.015,30.964,32.995,-22.504,-22.335,2.289,2.03,-24.873,-20.305,3,0
Qwen_Qwen3-8B-FC,assert_f-sa-interaction-confident,3,27.58,27.411,0.775,0.508,26.904,28.426,-15.059,-16.244,2.974,1.015,-17.259,-11.675,3,0
Salesforce_Llama-xLAM-2-70b-fc-r,assert_f-sa-interaction-confident,3,52.453,52.284,0.293,0.0,52.284,52.792,-26.734,-26.904,0.293,0.0,-26.904,-26.396,3,0
Salesforce_Llama-xLAM-2-8b-fc-r,assert_f-sa-interaction-confident,3,58.376,58.376,0.508,0.508,57.868,58.883,-18.951,-18.782,0.775,0.508,-19.797,-18.274,3,0
Salesforce_xLAM-2-32b-fc-r,assert_f-sa-interaction-confident,3,52.284,52.792,1.343,0.508,50.761,53.299,-28.088,-27.411,1.632,0.508,-29.949,-26.904,3,0
Salesforce_xLAM-2-3b-fc-r,assert_f-sa-interaction-confident,3,45.516,45.685,0.293,0.0,45.178,45.685,-24.873,-24.873,0.508,0.508,-25.381,-24.365,3,0
Team-ACE_ToolACE-2-8B,assert_f-sa-interaction-confident,3,20.135,19.797,0.586,0.0,19.797,20.812,-26.734,-26.904,0.775,0.508,-27.411,-25.888,3,0
watt-ai_watt-tool-70B,assert_f-sa-interaction-confident,3,41.117,41.117,0.508,0.508,40.609,41.624,-29.611,-29.442,0.775,0.508,-30.457,-28.934,3,0
watt-ai_watt-tool-8B,assert_f-sa-interaction-confident,3,34.01,34.01,0.508,0.508,33.503,34.518,-11.337,-11.675,0.586,0.0,-11.675,-10.66,3,0
BitAgent_BitAgent-Bounty-8B,assert_f-sa-interaction-hedged,3,45.178,45.685,1.343,0.508,43.655,46.193,-32.487,-32.487,1.015,1.015,-33.503,-31.472,3,0
Qwen_Qwen3-14B-FC,assert_f-sa-interaction-hedged,3,27.919,27.919,0.0,0.0,27.919,27.919,-22.673,-22.335,1.551,1.015,-24.365,-21.32,3,0
Qwen_Qwen3-32B-FC,assert_f-sa-interaction-hedged,3,31.134,30.457,1.632,0.508,29.949,32.995,-23.35,-21.32,3.965,0.508,-27.919,-20.812,3,0
Qwen_Qwen3-8B-FC,assert_f-sa-interaction-hedged,3,29.611,29.949,1.551,1.015,27.919,30.964,-13.029,-14.721,3.38,0.508,-15.228,-9.137,3,0
Salesforce_Llama-xLAM-2-70b-fc-r,assert_f-sa-interaction-hedged,3,57.53,57.868,0.586,0.0,56.853,57.868,-21.658,-21.32,0.586,0.0,-22.335,-21.32,3,0
Salesforce_Llama-xLAM-2-8b-fc-r,assert_f-sa-interaction-hedged,3,58.714,58.883,0.293,0.0,58.376,58.883,-18.613,-18.782,0.293,0.0,-18.782,-18.274,3,0
Salesforce_xLAM-2-32b-fc-r,assert_f-sa-interaction-hedged,3,53.299,53.299,0.0,0.0,53.299,53.299,-27.073,-27.411,0.586,0.0,-27.411,-26.396,3,0
Salesforce_xLAM-2-3b-fc-r,assert_f-sa-interaction-hedged,3,49.069,49.239,0.775,0.508,48.223,49.746,-21.32,-21.32,0.508,0.508,-21.827,-20.812,3,0
Team-ACE_ToolACE-2-8B,assert_f-sa-interaction-hedged,3,19.966,19.797,0.293,0.0,19.797,20.305,-26.904,-26.904,0.0,0.0,-26.904,-26.904,3,0
watt-ai_watt-tool-70B,assert_f-sa-interaction-hedged,3,41.794,41.624,0.775,0.508,41.117,42.64,-28.934,-28.934,1.523,1.523,-30.457,-27.411,3,0
watt-ai_watt-tool-8B,assert_f-sa-interaction-hedged,3,34.179,34.01,0.775,0.508,33.503,35.025,-11.168,-11.675,0.879,0.0,-11.675,-10.152,3,0
BitAgent_BitAgent-Bounty-8B,assert_init-confident,3,57.36,56.853,1.343,0.508,56.345,58.883,-20.305,-20.305,1.523,1.523,-21.827,-18.782,3,0
Qwen_Qwen3-14B-FC,assert_init-confident,3,48.731,48.731,0.508,0.508,48.223,49.239,-1.861,-1.523,1.057,0.508,-3.046,-1.015,3,0
Qwen_Qwen3-32B-FC,assert_init-confident,3,48.562,48.223,1.057,0.508,47.716,49.746,-5.922,-4.569,3.264,1.015,-9.645,-3.553,3,0
Qwen_Qwen3-8B-FC,assert_init-confident,3,40.102,40.609,1.343,0.508,38.579,41.117,-2.538,-2.538,4.569,4.569,-7.107,2.03,2,1
Salesforce_Llama-xLAM-2-70b-fc-r,assert_init-confident,3,68.697,68.528,0.293,0.0,68.528,69.036,-10.491,-10.66,0.293,0.0,-10.66,-10.152,3,0
Salesforce_Llama-xLAM-2-8b-fc-r,assert_init-confident,3,70.897,71.066,0.293,0.0,70.558,71.066,-6.43,-6.599,0.293,0.0,-6.599,-6.091,3,0
Salesforce_xLAM-2-32b-fc-r,assert_init-confident,3,72.589,72.589,0.0,0.0,72.589,72.589,-7.783,-8.122,0.586,0.0,-8.122,-7.107,3,0
Salesforce_xLAM-2-3b-fc-r,assert_init-confident,3,60.406,60.406,0.0,0.0,60.406,60.406,-9.983,-10.152,0.293,0.0,-10.152,-9.645,3,0
Team-ACE_ToolACE-2-8B,assert_init-confident,3,39.594,39.594,0.508,0.508,39.086,40.102,-7.276,-7.107,0.775,0.508,-8.122,-6.599,3,0
watt-ai_watt-tool-70B,assert_init-confident,3,61.591,61.421,0.775,0.508,60.914,62.437,-9.137,-8.629,1.83,1.015,-11.168,-7.614,3,0
watt-ai_watt-tool-8B,assert_init-confident,3,41.794,41.117,1.172,0.0,41.117,43.147,-3.553,-4.061,0.879,0.0,-4.061,-2.538,3,0
BitAgent_BitAgent-Bounty-8B,assert_init-hedged,3,60.406,60.406,0.508,0.508,59.898,60.914,-17.259,-17.259,0.0,0.0,-17.259,-17.259,3,0
Qwen_Qwen3-14B-FC,assert_init-hedged,3,51.777,51.269,3.329,2.538,48.731,55.33,1.184,2.03,4.376,3.046,-3.553,5.076,1,2
Qwen_Qwen3-32B-FC,assert_init-hedged,3,51.607,51.777,0.293,0.0,51.269,51.777,-2.876,-2.538,3.06,2.538,-6.091,0.0,2,0
Qwen_Qwen3-8B-FC,assert_init-hedged,3,40.778,40.609,3.81,3.553,37.056,44.67,-1.861,-2.538,7.131,6.091,-8.629,5.584,2,1
Salesforce_Llama-xLAM-2-70b-fc-r,assert_init-hedged,3,68.02,68.02,0.508,0.508,67.513,68.528,-11.168,-11.168,0.508,0.508,-11.675,-10.66,3,0
Salesforce_Llama-xLAM-2-8b-fc-r,assert_init-hedged,3,74.45,74.619,0.293,0.0,74.112,74.619,-2.876,-3.046,0.293,0.0,-3.046,-2.538,3,0
Salesforce_xLAM-2-32b-fc-r,assert_init-hedged,3,72.758,72.589,0.775,0.508,72.081,73.604,-7.614,-7.614,0.508,0.508,-8.122,-7.107,3,0
Salesforce_xLAM-2-3b-fc-r,assert_init-hedged,3,59.729,59.898,0.293,0.0,59.391,59.898,-10.66,-10.66,0.508,0.508,-11.168,-10.152,3,0
Team-ACE_ToolACE-2-8B,assert_init-hedged,3,40.778,41.117,0.586,0.0,40.102,41.117,-6.091,-5.584,0.879,0.0,-7.107,-5.584,3,0
watt-ai_watt-tool-70B,assert_init-hedged,3,62.437,62.437,0.0,0.0,62.437,62.437,-8.291,-7.614,1.172,0.0,-9.645,-7.614,3,0
watt-ai_watt-tool-8B,assert_init-hedged,3,42.301,42.64,0.586,0.0,41.624,42.64,-3.046,-3.046,0.508,0.508,-3.553,-2.538,3,0
BitAgent_BitAgent-Bounty-8B,assert_readHeavy-confident,3,62.775,62.437,1.057,0.508,61.929,63.959,-14.89,-14.721,1.277,1.015,-16.244,-13.706,3,0
Qwen_Qwen3-14B-FC,assert_readHeavy-confident,3,46.87,47.208,1.057,0.508,45.685,47.716,-3.723,-3.046,2.605,1.523,-6.599,-1.523,3,0
Qwen_Qwen3-32B-FC,assert_readHeavy-confident,3,51.438,51.269,2.289,2.03,49.239,53.807,-3.046,-5.076,4.895,1.523,-6.599,2.538,2,1
Qwen_Qwen3-8B-FC,assert_readHeavy-confident,3,42.978,42.64,1.057,0.508,42.132,44.162,0.338,1.015,3.601,2.538,-3.553,3.553,1,2
Salesforce_Llama-xLAM-2-70b-fc-r,assert_readHeavy-confident,3,70.558,70.558,0.0,0.0,70.558,70.558,-8.629,-8.629,0.0,0.0,-8.629,-8.629,3,0
Salesforce_Llama-xLAM-2-8b-fc-r,assert_readHeavy-confident,3,72.081,72.081,0.0,0.0,72.081,72.081,-5.245,-5.076,0.293,0.0,-5.584,-5.076,3,0
Salesforce_xLAM-2-32b-fc-r,assert_readHeavy-confident,3,73.942,73.604,1.057,0.508,73.096,75.127,-6.43,-6.091,1.057,0.508,-7.614,-5.584,3,0
Salesforce_xLAM-2-3b-fc-r,assert_readHeavy-confident,3,63.113,62.944,0.293,0.0,62.944,63.452,-7.276,-7.107,0.293,0.0,-7.614,-7.107,3,0
Team-ACE_ToolACE-2-8B,assert_readHeavy-confident,3,41.624,41.624,0.508,0.508,41.117,42.132,-5.245,-5.076,0.293,0.0,-5.584,-5.076,3,0
watt-ai_watt-tool-70B,assert_readHeavy-confident,3,63.79,63.959,0.293,0.0,63.452,63.959,-6.937,-6.091,1.465,0.0,-8.629,-6.091,3,0
watt-ai_watt-tool-8B,assert_readHeavy-confident,3,43.147,43.147,0.508,0.508,42.64,43.655,-2.2,-2.03,0.775,0.508,-3.046,-1.523,3,0
BitAgent_BitAgent-Bounty-8B,assert_readHeavy-hedged,3,67.343,67.005,0.586,0.0,67.005,68.02,-10.321,-10.152,0.775,0.508,-11.168,-9.645,3,0
Qwen_Qwen3-14B-FC,assert_readHeavy-hedged,3,48.223,49.746,3.088,0.508,44.67,50.254,-2.369,-2.03,3.06,2.538,-5.584,0.508,2,1
Qwen_Qwen3-32B-FC,assert_readHeavy-hedged,3,53.13,53.807,1.172,0.0,51.777,53.807,-1.354,-2.538,3.455,1.523,-4.061,2.538,2,1
Qwen_Qwen3-8B-FC,assert_readHeavy-hedged,3,42.978,42.132,2.886,1.523,40.609,46.193,0.338,-1.015,6.203,4.061,-5.076,7.107,2,1
Salesforce_Llama-xLAM-2-70b-fc-r,assert_readHeavy-hedged,3,72.25,72.589,0.586,0.0,71.574,72.589,-6.937,-6.599,0.586,0.0,-7.614,-6.599,3,0
Salesforce_Llama-xLAM-2-8b-fc-r,assert_readHeavy-hedged,3,73.942,73.604,0.586,0.0,73.604,74.619,-3.384,-3.553,0.775,0.508,-4.061,-2.538,3,0
Salesforce_xLAM-2-32b-fc-r,assert_readHeavy-hedged,3,74.112,74.112,0.0,0.0,74.112,74.112,-6.261,-6.599,0.586,0.0,-6.599,-5.584,3,0
Salesforce_xLAM-2-3b-fc-r,assert_readHeavy-hedged,3,62.775,62.944,0.293,0.0,62.437,62.944,-7.614,-7.614,0.508,0.508,-8.122,-7.107,3,0
Team-ACE_ToolACE-2-8B,assert_readHeavy-hedged,3,42.132,42.132,0.508,0.508,41.624,42.64,-4.738,-5.076,0.586,0.0,-5.076,-4.061,3,0
watt-ai_watt-tool-70B,assert_readHeavy-hedged,3,62.944,62.944,0.508,0.508,62.437,63.452,-7.783,-7.107,1.632,0.508,-9.645,-6.599,3,0
watt-ai_watt-tool-8B,assert_readHeavy-hedged,3,41.455,41.624,0.775,0.508,40.609,42.132,-3.892,-3.553,0.586,0.0,-4.569,-3.553,3,0
BitAgent_BitAgent-Bounty-8B,assert_writeHeavy-confident,3,57.699,57.868,0.775,0.508,56.853,58.376,-19.966,-19.797,0.775,0.508,-20.812,-19.289,3,0
Qwen_Qwen3-14B-FC,assert_writeHeavy-confident,3,42.47,42.132,1.057,0.508,41.624,43.655,-8.122,-8.629,2.326,1.523,-10.152,-5.584,3,0
Qwen_Qwen3-32B-FC,assert_writeHeavy-confident,3,41.794,42.132,1.551,1.015,40.102,43.147,-12.69,-14.213,4.029,1.523,-15.736,-8.122,3,0
Qwen_Qwen3-8B-FC,assert_writeHeavy-confident,3,36.887,37.056,0.775,0.508,36.041,37.563,-5.753,-5.584,2.796,2.538,-8.629,-3.046,3,0
Salesforce_Llama-xLAM-2-70b-fc-r,assert_writeHeavy-confident,3,61.083,61.421,0.586,0.0,60.406,61.421,-18.105,-17.766,0.586,0.0,-18.782,-17.766,3,0
Salesforce_Llama-xLAM-2-8b-fc-r,assert_writeHeavy-confident,3,65.482,65.482,0.0,0.0,65.482,65.482,-11.844,-11.675,0.293,0.0,-12.183,-11.675,3,0
Salesforce_xLAM-2-32b-fc-r,assert_writeHeavy-confident,3,66.328,66.497,0.775,0.508,65.482,67.005,-14.044,-14.213,0.293,0.0,-14.213,-13.706,3,0
Salesforce_xLAM-2-3b-fc-r,assert_writeHeavy-confident,3,56.345,56.345,0.0,0.0,56.345,56.345,-14.044,-14.213,0.293,0.0,-14.213,-13.706,3,0
Team-ACE_ToolACE-2-8B,assert_writeHeavy-confident,3,34.856,35.025,0.775,0.508,34.01,35.533,-12.014,-11.675,1.057,0.508,-13.198,-11.168,3,0
watt-ai_watt-tool-70B,assert_writeHeavy-confident,3,53.13,53.299,0.775,0.508,52.284,53.807,-17.597,-16.751,1.922,0.508,-19.797,-16.244,3,0
watt-ai_watt-tool-8B,assert_writeHeavy-confident,3,35.025,35.025,0.508,0.508,34.518,35.533,-10.321,-10.152,0.293,0.0,-10.66,-10.152,3,0
BitAgent_BitAgent-Bounty-8B,assert_writeHeavy-hedged,3,59.898,59.898,0.508,0.508,59.391,60.406,-17.766,-18.274,0.879,0.0,-18.274,-16.751,3,0
Qwen_Qwen3-14B-FC,assert_writeHeavy-hedged,3,46.024,45.685,2.051,1.523,44.162,48.223,-4.569,-6.091,3.088,0.508,-6.599,-1.015,3,0
Qwen_Qwen3-32B-FC,assert_writeHeavy-hedged,3,48.054,48.731,1.632,0.508,46.193,49.239,-6.43,-5.584,1.922,0.508,-8.629,-5.076,3,0
Qwen_Qwen3-8B-FC,assert_writeHeavy-hedged,3,41.624,41.624,0.508,0.508,41.117,42.132,-1.015,-2.03,3.66,2.03,-4.061,3.046,2,1
Salesforce_Llama-xLAM-2-70b-fc-r,assert_writeHeavy-hedged,3,64.975,64.975,0.0,0.0,64.975,64.975,-14.213,-14.213,0.0,0.0,-14.213,-14.213,3,0
Salesforce_Llama-xLAM-2-8b-fc-r,assert_writeHeavy-hedged,3,69.543,69.543,0.508,0.508,69.036,70.051,-7.783,-8.122,0.586,0.0,-8.122,-7.107,3,0
Salesforce_xLAM-2-32b-fc-r,assert_writeHeavy-hedged,3,69.543,69.543,0.508,0.508,69.036,70.051,-10.829,-10.66,0.293,0.0,-11.168,-10.66,3,0
Salesforce_xLAM-2-3b-fc-r,assert_writeHeavy-hedged,3,60.406,60.406,0.508,0.508,59.898,60.914,-9.983,-9.645,0.586,0.0,-10.66,-9.645,3,0
Team-ACE_ToolACE-2-8B,assert_writeHeavy-hedged,3,37.394,37.563,0.775,0.508,36.548,38.071,-9.475,-9.137,1.057,0.508,-10.66,-8.629,3,0
watt-ai_watt-tool-70B,assert_writeHeavy-hedged,3,53.807,53.807,0.508,0.508,53.299,54.315,-16.92,-16.244,1.632,0.508,-18.782,-15.736,3,0
watt-ai_watt-tool-8B,assert_writeHeavy-hedged,3,38.917,38.579,0.586,0.0,38.579,39.594,-6.43,-6.599,0.775,0.508,-7.107,-5.584,3,0
BitAgent_BitAgent-Bounty-8B,noassert,3,77.665,77.665,0.508,0.508,77.157,78.173,,,,,,,,
Qwen_Qwen3-14B-FC,noassert,3,50.592,50.254,1.551,1.015,49.239,52.284,,,,,,,,
Qwen_Qwen3-32B-FC,noassert,3,54.484,54.315,3.303,3.046,51.269,57.868,,,,,,,,
Qwen_Qwen3-8B-FC,noassert,3,42.64,43.147,3.329,2.538,39.086,45.685,,,,,,,,
Salesforce_Llama-xLAM-2-70b-fc-r,noassert,3,79.188,79.188,0.0,0.0,79.188,79.188,,,,,,,,
Salesforce_Llama-xLAM-2-8b-fc-r,noassert,3,77.327,77.157,0.293,0.0,77.157,77.665,,,,,,,,
Salesforce_xLAM-2-32b-fc-r,noassert,3,80.372,80.711,0.586,0.0,79.695,80.711,,,,,,,,
Salesforce_xLAM-2-3b-fc-r,noassert,3,70.389,70.558,0.293,0.0,70.051,70.558,,,,,,,,
Team-ACE_ToolACE-2-8B,noassert,3,46.87,46.701,0.293,0.0,46.701,47.208,,,,,,,,
watt-ai_watt-tool-70B,noassert,3,70.728,70.051,1.172,0.0,70.051,72.081,,,,,,,,
watt-ai_watt-tool-8B,noassert,3,45.347,45.178,0.293,0.0,45.178,45.685,,,,,,,,
